,auslaender,einpersonen,lebenserwartung,dichte,arbeitslosenquote,alter,pkws
auslaender,1.0,0.290017367723,-0.540734118913,0.379891675561,0.547734183889,-0.523883089859,-0.746781997735
einpersonen,0.290017367723,1.0,-0.659811067364,0.757408079159,-0.085503932654,-0.2800771462,-0.66203475054
lebenserwartung,-0.540734118913,-0.659811067364,1.0,-0.582719223487,-0.175088397307,0.480582886503,0.676352787498
dichte,0.379891675561,0.757408079159,-0.582719223487,1.0,0.0266212328868,-0.342803857474,-0.781354295443
arbeitslosenquote,0.547734183889,-0.085503932654,-0.175088397307,0.0266212328868,1.0,-0.0405915428566,-0.245200480815
alter,-0.523883089859,-0.2800771462,0.480582886503,-0.342803857474,-0.0405915428566,1.0,0.612188370245
pkws,-0.746781997735,-0.66203475054,0.676352787498,-0.781354295443,-0.245200480815,0.612188370245,1.0
